{"llm_metrics": {"answer_relevancy": {"value": 0.6986976572932927, "standard_deviation": 0.17769816054530746}}}